INSERT INTO raca (codr, nome, descr) VALUES 
    (1, 'Angus', 'Raca Angus, conhecida por sua qualidade'),
    (2, 'Holandesa', 'Raca Holandesa, comum na producao leiteira'),
    (3, 'Brahman', 'Raca Brahman, adaptavel a climas quentes'),
    (4, 'Pardo Suico', 'Raca Pardo Suico, para leite e carne'),
    (5, 'Simbrasil', 'Raca Simbrasil, Simmental com Nelore'),
    (6, 'Hereford', 'Raca Hereford, comum em criacao extensiva'),
    (7, 'Guzera', 'Raca Guzera, resistente a condicoes aridas'),
    (8, 'Limousin', 'Raca Limousin, conhecida por eficiencia alimentar'),
    (9, 'Nelore', 'Raca Nelore, comum na pecuaria brasileira'),
    (10, 'Charoles', 'Raca Charoles, carne de qualidade');

INSERT INTO animal (nbrinc, dtnasc, codr) VALUES
    (1, '19/09/2020', 6),
    (2, '08/11/2021', 1),
    (3, '21/04/2021', 6),
    (4, '21/05/2022', 7),
    (5, '15/03/2021', 2),
    (6, '21/09/2021', 10),
    (7, '12/02/2020', 8),
    (8, '23/03/2021', 3),
    (9, '09/07/2020', 3),
    (10, '12/05/2020', 4),
    (11, '06/02/2022', 1),
    (12, '20/01/2021', 6),
    (13, '09/03/2022', 9),
    (14, '16/11/2022', 4),
    (15, '10/07/2020', 8),
    (16, '25/02/2020', 5),
    (17, '02/03/2020', 7),
    (18, '19/03/2020', 7),
    (19, '06/12/2022', 4),
    (20, '03/03/2020', 5),
    (21, '25/01/2022', 7),
    (22, '16/05/2022', 5),
    (23, '16/11/2020', 1),
    (24, '17/08/2020', 8),
    (25, '17/05/2020', 2),
    (26, '05/12/2020', 2),
    (27, '24/10/2021', 6),
    (28, '18/09/2021', 4),
    (29, '05/03/2020', 1),
    (30, '29/09/2020', 5),
    (31, '19/08/2020', 6),
    (32, '01/01/2022', 1),
    (33, '27/06/2021', 3),
    (34, '16/07/2021', 9),
    (35, '13/10/2021', 4),
    (36, '05/05/2021', 4),
    (37, '29/08/2022', 7),
    (38, '12/10/2021', 5),
    (39, '07/01/2021', 9),
    (40, '04/10/2022', 8),
    (41, '11/07/2020', 10),
    (42, '07/03/2022', 1),
    (43, '08/02/2022', 5),
    (44, '07/07/2020', 4),
    (45, '16/06/2021', 3),
    (46, '23/03/2021', 5),
    (47, '27/04/2020', 6),
    (48, '20/08/2021', 3),
    (49, '13/11/2021', 6),
    (50, '18/09/2022', 8),
    (51, '06/04/2022', 3),
    (52, '24/03/2020', 10),
    (53, '05/02/2020', 3),
    (54, '15/06/2021', 5),
    (55, '16/12/2022', 8),
    (56, '02/07/2020', 5),
    (57, '18/08/2022', 4),
    (58, '28/11/2021', 5),
    (59, '16/05/2021', 6),
    (60, '19/01/2020', 9),
    (61, '19/07/2021', 2),
    (62, '21/05/2020', 9),
    (63, '11/03/2021', 1),
    (64, '27/08/2021', 10),
    (65, '27/03/2021', 8),
    (66, '09/03/2021', 9),
    (67, '07/07/2021', 8),
    (68, '27/12/2020', 10),
    (69, '17/11/2022', 8),
    (70, '14/11/2020', 7),
    (71, '25/03/2020', 3),
    (72, '23/12/2022', 2),
    (73, '08/06/2021', 1),
    (74, '31/12/2022', 1),
    (75, '01/11/2022', 6),
    (76, '11/03/2021', 1),
    (77, '14/08/2021', 6),
    (78, '02/05/2022', 2),
    (79, '07/10/2022', 2),
    (80, '07/12/2020', 5),
    (81, '25/06/2022', 3),
    (82, '14/07/2022', 1),
    (83, '16/04/2020', 6),
    (84, '19/07/2021', 8),
    (85, '13/03/2022', 4),
    (86, '22/03/2022', 4),
    (87, '30/11/2022', 5),
    (88, '19/04/2020', 9),
    (89, '12/02/2020', 4),
    (90, '05/07/2022', 2),
    (91, '06/05/2020', 9),
    (92, '31/05/2022', 9),
    (93, '20/01/2022', 1),
    (94, '30/05/2020', 5),
    (95, '26/08/2021', 2),
    (96, '19/03/2022', 3),
    (97, '14/12/2020', 8),
    (98, '19/03/2022', 8),
    (99, '19/07/2022', 9),
    (100, '22/04/2021', 3),
    (101, '30/12/2020', 2),
    (102, '14/12/2022', 10),
    (103, '20/04/2020', 5),
    (104, '09/12/2022', 7),
    (105, '17/12/2022', 9),
    (106, '10/09/2020', 1),
    (107, '09/10/2021', 9),
    (108, '15/07/2020', 2),
    (109, '23/08/2022', 10),
    (110, '07/01/2020', 9),
    (111, '02/02/2020', 9),
    (112, '31/03/2022', 2),
    (113, '24/04/2020', 4),
    (114, '05/02/2022', 9),
    (115, '21/11/2021', 2),
    (116, '19/09/2022', 10),
    (117, '01/11/2021', 3),
    (118, '21/03/2020', 3),
    (119, '02/08/2021', 5),
    (120, '30/08/2020', 2),
    (121, '04/05/2021', 9),
    (122, '12/03/2021', 6),
    (123, '13/07/2022', 2),
    (124, '23/03/2020', 10),
    (125, '11/09/2021', 9),
    (126, '06/01/2021', 10),
    (127, '08/08/2020', 5),
    (128, '05/11/2020', 3),
    (129, '21/04/2021', 3),
    (130, '26/10/2020', 4),
    (131, '23/04/2020', 3),
    (132, '01/06/2022', 1),
    (133, '19/03/2020', 8),
    (134, '23/02/2020', 9),
    (135, '14/04/2020', 6),
    (136, '26/05/2020', 8),
    (137, '15/08/2022', 5),
    (138, '02/03/2021', 8),
    (139, '21/01/2021', 1),
    (140, '28/10/2022', 2);

INSERT INTO lote (codl, dtini, dtfim) VALUES
    (1, '09/11/2021', '02/12/2021'),
    (2, '24/04/2021', '01/03/2022'),
    (3, '26/11/2021', '24/05/2022'),
    (4, '09/12/2020', '30/08/2021'),
    (5, '29/06/2022', '28/04/2020'),
    (6, '26/07/2020', '09/07/2020'),
    (7, '30/06/2022', '19/08/2020'),
    (8, '13/10/2022', '13/01/2020'),
    (9, '24/11/2020', '09/03/2021'),
    (10, '09/08/2021', '14/02/2021');

INSERT INTO engorda (nbrinc, codl, day) VALUES
    (1, 1, '18/11/2022'),
    (2, 1, '15/07/2022'),
    (3, 1, '06/11/2022'),
    (4, 1, '01/03/2020'),
    (5, 1, '23/10/2020'),
    (6, 1, '17/04/2020'),
    (7, 1, '14/07/2021'),
    (8, 1, '03/09/2020'),
    (9, 1, '25/11/2022'),
    (10, 1, '11/07/2020'),
    (11, 1, '14/12/2020'),
    (12, 1, '27/11/2020'),
    (13, 2, '17/05/2022'),
    (14, 2, '12/06/2020'),
    (15, 2, '08/10/2021'),
    (16, 2, '03/02/2022'),
    (17, 2, '15/11/2022'),
    (18, 2, '13/05/2021'),
    (19, 2, '20/01/2022'),
    (20, 2, '01/03/2020'),
    (21, 2, '17/04/2021'),
    (22, 2, '22/08/2022'),
    (23, 2, '08/06/2021'),
    (24, 2, '25/06/2020'),
    (25, 3, '15/02/2022'),
    (26, 3, '01/04/2021'),
    (27, 3, '27/10/2022'),
    (28, 3, '03/03/2021'),
    (29, 3, '25/10/2022'),
    (30, 3, '20/10/2021'),
    (31, 3, '26/05/2022'),
    (32, 3, '06/05/2021'),
    (33, 3, '20/04/2020'),
    (34, 3, '20/04/2021'),
    (35, 3, '28/03/2022'),
    (36, 3, '07/01/2020'),
    (37, 4, '10/06/2022'),
    (38, 4, '17/08/2021'),
    (39, 4, '13/05/2020'),
    (40, 4, '30/10/2020'),
    (41, 4, '20/08/2021'),
    (42, 4, '29/12/2022'),
    (43, 4, '11/04/2020'),
    (44, 4, '20/09/2022'),
    (45, 4, '02/06/2022'),
    (46, 4, '11/07/2022'),
    (47, 4, '23/07/2021'),
    (48, 4, '31/03/2022'),
    (49, 5, '08/11/2020'),
    (50, 5, '13/03/2020'),
    (51, 5, '14/12/2020'),
    (52, 5, '12/08/2020'),
    (53, 5, '02/12/2022'),
    (54, 5, '22/08/2020'),
    (55, 5, '04/09/2022'),
    (56, 5, '30/04/2020'),
    (57, 5, '24/01/2022'),
    (58, 5, '28/08/2020'),
    (59, 5, '28/10/2021'),
    (60, 5, '27/06/2021'),
    (61, 6, '22/08/2021'),
    (62, 6, '02/01/2020'),
    (63, 6, '21/02/2022'),
    (64, 6, '20/11/2020'),
    (65, 6, '04/02/2020'),
    (66, 6, '15/10/2020'),
    (67, 6, '21/10/2021'),
    (68, 6, '09/07/2022'),
    (69, 6, '11/01/2022'),
    (70, 6, '24/07/2020'),
    (71, 6, '04/12/2020'),
    (72, 6, '19/01/2021'),
    (73, 7, '03/06/2020'),
    (74, 7, '14/03/2022'),
    (75, 7, '28/07/2022'),
    (76, 7, '28/02/2021'),
    (77, 7, '25/08/2020'),
    (78, 7, '30/05/2021'),
    (79, 7, '26/02/2020'),
    (80, 7, '04/03/2022'),
    (81, 7, '24/11/2022'),
    (82, 7, '12/06/2022'),
    (83, 7, '20/01/2020'),
    (84, 7, '12/01/2021'),
    (85, 8, '22/04/2021'),
    (86, 8, '07/06/2022'),
    (87, 8, '06/08/2022'),
    (88, 8, '18/01/2020'),
    (89, 8, '24/09/2020'),
    (90, 8, '01/08/2022'),
    (91, 8, '05/02/2021'),
    (92, 8, '17/09/2020'),
    (93, 8, '24/03/2021'),
    (94, 8, '22/09/2020'),
    (95, 8, '30/09/2021'),
    (96, 8, '20/12/2022'),
    (97, 9, '27/05/2020'),
    (98, 9, '08/01/2020'),
    (99, 9, '24/04/2022'),
    (100, 9, '27/09/2022'),
    (101, 9, '26/05/2022'),
    (102, 9, '09/12/2021'),
    (103, 9, '03/06/2020'),
    (104, 9, '08/12/2022'),
    (105, 9, '12/04/2021'),
    (106, 9, '31/12/2021'),
    (107, 9, '24/03/2020'),
    (108, 9, '25/05/2020'),
    (109, 10, '20/07/2022'),
    (110, 10, '15/11/2022'),
    (111, 10, '07/12/2022'),
    (112, 10, '15/11/2021'),
    (113, 10, '06/12/2021'),
    (114, 10, '13/04/2022'),
    (115, 10, '03/07/2021'),
    (116, 10, '14/10/2022'),
    (117, 10, '31/08/2020'),
    (118, 10, '15/11/2022'),
    (119, 10, '23/07/2022'),
    (120, 10, '19/04/2020');

INSERT INTO doenca (codd, nome, descr) VALUES 
    (1, 'Febre Aftosa', 'Doença viral casco fendido'),
    (2, 'Mastite', 'Inflamação glândulas mamárias vacas'),
    (3, 'Bronquite', 'Doença respiratória comum aves'),
    (4, 'Clostridiose', 'Infecção bacteriana animais ruminantes'),
    (5, 'Leptospirose', 'Doença bacteriana urina roedores'),
    (6, 'Coccidiose', 'Doença parasitária trato gastrointestinal'),
    (7, 'Rinotraqueíte', 'Doença respiratória felinos'),
    (8, 'Artrite Encefalite Caprina', 'Doença viral em cabras'),
    (9, 'Botulismo', 'Intoxicação alimentar toxinas bacterianas'),
    (10, 'Rinossinusite', 'Inflamação seios nasais animais');

INSERT INTO tratamento (nbrinc, codd, day) VALUES
    (121, 1, '21/10/2020'),
    (122, 3, '22/09/2020'),
    (123, 5, '23/08/2021'),
    (124, 7, '24/07/2021'),
    (125, 9, '25/06/2021'),
    (126, 2, '26/05/2022'),
    (127, 4, '27/04/2022'),
    (128, 6, '28/03/2022'),
    (129, 8, '07/02/2022'),
    (130, 10, '30/01/2022');

INSERT INTO obito (nbrinc, day) VALUES
    (131, '11/10/2020'),
    (132, '22/09/2020'),
    (133, '03/08/2021'),
    (134, '24/07/2021'),
    (135, '15/06/2021'),
    (136, '06/05/2022'),
    (137, '07/04/2022'),
    (138, '18/03/2022'),
    (139, '09/02/2022'),
    (140, '20/01/2022');

INSERT INTO tipoItem (codti, nome, descr) VALUES 
    (1, 'Medicamento', 'Medicamentos para tratamento animal'),
    (2, 'Alimento', 'Alimentos especificos para animais'),
    (3, 'Vacina', 'Vacinas para prevencao de doencas'),
    (4, 'Suplemento', 'Suplementos nutricionais para animais'),
    (5, 'Equipamento', 'Equipamentos utilizados na pecuaria'),
    (6, 'Higiene', 'Produtos de higiene animal'),
    (7, 'Acessorio', 'Acessorios para cuidados dos animais'),
    (8, 'Sementes', 'Sementes para cultivo de pastagens'),
    (9, 'Vermifugo', 'Medicamentos para controle de parasitas'),
    (10, 'Material de Ordenha', 'Materiais para ordenha do leite');

INSERT INTO listaItem (codli, codti, valor, quant) VALUES 
    (1, 1, 10, 20),
    (2, 3, 5, 15),
    (3, 2, 8, 25),
    (4, 4, 15, 10),
    (5, 6, 3, 30),
    (6, 5, 50, 5),
    (7, 7, 12, 18),
    (8, 9, 6, 22),
    (9, 8, 28, 7),
    (10, 10, 18, 12),
    (11, 2, 7, 28),
    (12, 4, 13, 14),
    (13, 1, 9, 20),
    (14, 3, 6, 25),
    (15, 5, 48, 8);

INSERT INTO despesa (codl, codli, day) VALUES 
    (1, 1, '21/10/2020'),
    (2, 3, '02/09/2020'),
    (3, 2, '23/08/2021'),
    (4, 4, '24/07/2021'),
    (5, 6, '05/06/2021'),
    (6, 5, '16/05/2022'),
    (7, 7, '17/04/2022'),
    (8, 9, '28/03/2022'),
    (9, 8, '09/02/2022'),
    (10, 10, '30/01/2022'),
    (1, 2, '11/10/2021'),
    (2, 4, '12/09/2021');

INSERT INTO abate (coda, codl, precokg, day) VALUES 
    (1, 1, 7.5, '21/10/2020'),
    (2, 2, 8.2, '22/09/2020'),
    (3, 3, 6.8, '23/08/2021'),
    (4, 4, 9.1, '24/07/2021'),
    (5, 5, 7.0, '25/06/2021'),
    (6, 6, 7.9, '26/05/2022'),
    (7, 7, 8.5, '27/04/2022'),
    (8, 8, 6.5, '28/03/2022'),
    (9, 9, 7.2, '29/04/2022'),
    (10, 10, 9.0, '30/01/2022');

INSERT INTO abatido (nbrinc, peso) VALUES
    (1, 541),
    (2, 602),
    (3, 528),
    (4, 525),
    (5, 576),
    (6, 659),
    (7, 620),
    (8, 585),
    (9, 641),
    (10, 667),
    (11, 554),
    (12, 604),
    (13, 654),
    (14, 563),
    (15, 538),
    (16, 557),
    (17, 509),
    (18, 611),
    (19, 649),
    (20, 696),
    (21, 633),
    (22, 521),
    (23, 563),
    (24, 577),
    (25, 588),
    (26, 550),
    (27, 611),
    (28, 502),
    (29, 520),
    (30, 595),
    (31, 667),
    (32, 682),
    (33, 700),
    (34, 523),
    (35, 634),
    (36, 685),
    (37, 661),
    (38, 510),
    (39, 537),
    (40, 516),
    (41, 539),
    (42, 602),
    (43, 634),
    (44, 653),
    (45, 647),
    (46, 658),
    (47, 625),
    (48, 667),
    (49, 674),
    (50, 692),
    (51, 535),
    (52, 665),
    (53, 658),
    (54, 670),
    (55, 524),
    (56, 677),
    (57, 677),
    (58, 555),
    (59, 642),
    (60, 551),
    (61, 538),
    (62, 601),
    (63, 535),
    (64, 520),
    (65, 554),
    (66, 651),
    (67, 658),
    (68, 512),
    (69, 694),
    (70, 533),
    (71, 599),
    (72, 676),
    (73, 526),
    (74, 611),
    (75, 540),
    (76, 610),
    (77, 592),
    (78, 607),
    (79, 568),
    (80, 696),
    (81, 518),
    (82, 694),
    (83, 583),
    (84, 515),
    (85, 587),
    (86, 530),
    (87, 519),
    (88, 529),
    (89, 532),
    (90, 605),
    (91, 585),
    (92, 679),
    (93, 657),
    (94, 573),
    (95, 607),
    (96, 693),
    (97, 624),
    (98, 688),
    (99, 663),
    (100, 522),
    (101, 535),
    (102, 624),
    (103, 692),
    (104, 566),
    (105, 620),
    (106, 683),
    (107, 525),
    (108, 515),
    (109, 683),
    (110, 656),
    (111, 614),
    (112, 521),
    (113, 689),
    (114, 598),
    (115, 642),
    (116, 512),
    (117, 695),
    (118, 635),
    (119, 502),
    (120, 631);